PostID;PostingTime;PostingCity
0;2011-06-05 12:39:18;Dar es Salaam, Tanzania
1;2011-09-09 08:05:27;Washington, D.C., United States
2;2012-02-16 11:56:00;New York City, United States
3;2017-10-15 07:42:01;Mumbai, India
4;2011-04-04 17:36:46;Toronto, Canada
5;2022-07-14 13:38:54;Hangzhou, China
6;2009-01-05 06:36:11;Suzhou, China
7;2010-04-29 17:09:43;Suzhou, China
8;2021-02-19 03:45:01;London, United Kingdom
9;2014-12-08 12:39:13;Hangzhou, China
10;2022-07-23 03:24:18;Kinshasa, Congo
11;2013-11-30 22:11:40;Lima, Peru
12;2011-11-02 22:46:06;Boston, United States
13;2015-01-30 06:30:48;Dallas, United States
14;2022-03-05 06:18:39;Miami, United States
15;2020-07-15 00:27:24;Santiago, Chile
16;2018-05-10 22:16:12;Delhi, India
17;2016-08-03 19:02:16;São Paulo, Brazil
18;2005-11-19 13:46:12;São Paulo, Brazil
19;2011-02-24 08:19:04;Hangzhou, China
20;2021-02-07 11:15:57;Rome, Italy
21;2018-12-07 02:10:43;Manila, Philippines
22;2019-04-23 00:41:49;Ahmedabad, India
23;2013-11-21 17:11:48;Xi'an, China
24;2017-05-01 06:40:29;Osaka, Japan
25;2015-11-19 13:01:49;Valencia, Spain
26;2019-07-15 17:23:20;Tehran, Iran
27;2022-12-15 11:01:58;Dallas, United States
28;2005-01-11 09:34:23;Ahmedabad, India
29;2016-11-12 15:33:29;Beijing, China
30;2017-12-13 07:39:16;Riyadh, Saudi Arabia
31;2021-07-26 21:32:59;Lahore, Pakistan
32;2004-12-23 05:00:45;Jakarta, Indonesia
33;2012-10-06 00:56:53;Suzhou, China
34;2013-12-28 22:47:46;Dar es Salaam, Tanzania
35;2020-03-24 15:04:43;Bengaluru (Bangalore), India
36;2021-05-15 21:54:01;Valencia, Spain
37;2020-09-12 21:38:02;Kolkata (Calcutta), India
38;2017-11-03 13:14:07;London, United Kingdom
39;2017-04-18 03:36:15;Philadelphia, United States
40;2012-01-02 23:31:16;Karachi, Pakistan
41;2014-12-11 03:10:05;London, United Kingdom
42;2015-06-20 15:43:33;Osaka, Japan
43;2018-05-14 13:14:38;Ho Chi Minh City, Vietnam
44;2018-07-17 15:00:22;Houston, United States
45;2008-06-22 17:09:21;Miami, United States
46;2017-02-02 00:59:04;Rome, Italy
47;2021-02-17 20:50:37;Shenzhen, China
48;2014-11-05 17:43:20;Manila, Philippines
49;2010-04-11 00:15:45;São Paulo, Brazil
50;2011-02-28 09:23:50;Florence, Italy
51;2021-10-15 01:16:10;San Francisco, United States
52;2011-03-02 21:42:29;Moscow, Russia
53;2010-05-13 15:20:16;Cairo, Egypt
54;2017-04-28 11:21:54;Bengaluru (Bangalore), India
55;2022-04-30 09:37:09;New York City, United States
56;2022-05-04 20:30:46;Miami, United States
57;2009-06-15 15:07:45;Lagos, Nigeria
58;2010-12-31 22:26:10;Shanghai, China
59;2022-12-31 22:29:26;Seattle, United States
60;2017-08-26 16:17:23;Seoul, South Korea
61;2016-09-03 08:56:52;Harbin, China
62;2018-09-10 09:52:27;Ho Chi Minh City, Vietnam
63;2022-04-24 02:08:14;Santiago, Chile
64;2017-04-24 14:46:29;Bengaluru (Bangalore), India
65;2018-06-23 20:10:49;Santiago, Chile
66;2018-10-01 19:28:48;Tianjin, China
67;2021-08-29 22:57:39;Boston, United States
68;2020-09-20 21:34:13;Istanbul, Turkey
69;2022-12-04 03:40:41;Tokyo, Japan
70;2008-10-10 19:06:37;Bengaluru (Bangalore), India
71;2021-03-17 10:15:50;Singapore, Singapore
72;2016-06-15 02:25:29;Beijing, China
73;2020-10-24 07:09:24;Ho Chi Minh City, Vietnam
74;2016-10-14 16:58:24;New York City, United States
75;2011-02-08 09:02:17;Dar es Salaam, Tanzania
76;2020-08-25 02:28:36;Mumbai, India
77;2017-10-01 09:35:08;Paris, France
78;2021-03-17 05:49:11;Hangzhou, China
79;2005-04-20 15:23:34;Tokyo, Japan
80;2011-06-02 07:09:26;Dar es Salaam, Tanzania
81;2021-11-20 18:18:01;Shanghai, China
82;2020-01-05 07:06:09;Harbin, China
83;2009-10-04 14:59:45;Mumbai (Bombay), India
84;2018-02-09 10:23:40;Detroit, United States
85;2020-09-01 14:53:12;Paris, France
86;2016-09-12 21:27:26;Lagos, Nigeria
87;2006-02-02 06:02:05;Bogotá, Colombia
88;2014-04-19 21:37:29;Chicago, United States
89;2021-01-29 17:07:43;Seattle, United States
90;2017-04-09 13:01:25;Buenos Aires, Argentina
91;2022-12-26 03:31:46;Singapore, Singapore
92;2013-05-13 12:39:04;Toronto, Canada
93;2015-02-13 12:04:20;Tehran, Iran
94;2021-08-10 23:23:41;Rio de Janeiro, Brazil
95;2007-02-13 16:44:17;Madrid, Spain
96;2013-12-18 00:06:43;Shenzhen, China
97;2022-09-13 16:51:05;Tehran, Iran
98;2022-01-12 08:55:19;Harbin, China
99;2014-11-04 11:21:30;Philadelphia, United States
100;2013-01-22 23:56:34;Valencia, Spain
101;2005-09-02 04:42:45;Shanghai, China
102;2020-04-15 19:27:30;Valencia, Spain
103;2018-07-10 07:29:05;Buenos Aires, Argentina
104;2017-09-02 03:47:11;Bangkok, Thailand
105;2019-09-21 07:18:41;Xi'an, China
106;2021-04-05 18:16:35;Bengaluru (Bangalore), India
107;2020-07-04 17:56:46;Jakarta, Indonesia
108;2021-02-08 12:26:49;Washington, D.C., United States
109;2014-04-16 21:30:27;Istanbul, Turkey
110;2019-03-10 00:31:12;Lagos, Nigeria
111;2017-07-10 10:46:54;Munich, Germany
112;2019-11-12 13:57:22;Valencia, Spain
113;2016-01-11 18:12:00;Cairo, Egypt
114;2020-03-17 07:37:01;Shenzhen, China
115;2017-10-17 16:33:10;Shanghai, China
116;2013-01-16 08:40:28;Riyadh, Saudi Arabia
117;2020-01-18 09:05:47;Seoul, South Korea
118;2014-01-05 10:52:02;Dallas, United States
119;2022-12-31 09:03:44;Barcelona, Spain
120;2022-06-24 18:42:13;Karachi, Pakistan
121;2018-07-19 08:58:35;Madrid, Spain
122;2021-02-21 00:36:50;Rome, Italy
123;2017-04-12 00:21:30;Singapore, Singapore
124;2016-09-29 17:06:16;Seoul, South Korea
125;2020-10-24 11:51:47;Lahore, Pakistan
126;2021-02-07 15:56:50;Bangkok, Thailand
127;2019-10-30 17:34:35;San Francisco, United States
128;2013-02-11 08:59:43;Beijing, China
129;2004-02-21 07:09:53;Osaka, Japan
130;2019-08-27 10:01:09;Munich, Germany
131;2022-02-23 12:21:34;Chennai (Madras), India
132;2021-02-12 15:59:28;Madrid, Spain
133;2022-10-03 16:11:21;Harbin, China
134;2021-01-07 08:08:59;Washington, D.C., United States
135;2022-04-11 04:23:20;Ahmedabad, India
136;2015-04-23 09:29:06;Tokyo, Japan
137;2021-10-30 13:24:31;Phoenix, United States
138;2019-12-23 13:08:40;Kinshasa, Congo
139;2016-10-20 16:32:40;Singapore, Singapore
140;2018-01-12 17:29:33;Shanghai, China
141;2019-06-14 10:01:48;Tehran, Iran
142;2021-08-28 22:11:32;Bengaluru (Bangalore), India
143;2009-03-17 21:50:25;Paris, France
144;2022-07-08 20:41:03;Los Angeles, United States
145;2022-08-22 04:44:52;Manila, Philippines
146;2021-12-10 19:39:44;Dar es Salaam, Tanzania
147;2010-11-04 15:28:40;Rio de Janeiro, Brazil
148;2022-11-11 21:42:23;Tehran, Iran
149;2017-07-05 18:42:13;Kolkata (Calcutta), India
150;2011-09-25 18:23:05;Shenzhen, China
151;2017-12-20 22:00:14;Buenos Aires, Argentina
152;2018-12-14 03:31:24;Harbin, China
153;2019-11-18 20:26:14;Los Angeles, United States
154;2022-09-29 08:05:38;Atlanta, United States
155;2021-07-21 10:34:03;Mexico City, Mexico
156;2017-12-20 09:50:07;Shenzhen, China
157;2022-10-22 14:33:16;Miami, United States
158;2021-03-31 03:33:22;Manchester, United Kingdom
159;2020-01-21 10:14:15;Ahmedabad, India
160;2008-07-09 16:43:35;Shenzhen, China
161;2010-12-25 00:16:20;Hangzhou, China
162;2022-06-12 15:22:37;Harbin, China
163;2021-07-05 23:10:59;Tokyo, Japan
164;2015-02-10 14:08:17;Moscow, Russia
165;2018-09-16 17:17:49;Mumbai, India
166;2008-01-22 19:52:42;Boston, United States
167;2011-08-14 13:58:00;Bengaluru (Bangalore), India
168;2018-09-29 11:46:37;Kuala Lumpur, Malaysia
169;2022-02-16 16:32:17;Tianjin, China
170;2022-04-21 16:17:49;Paris, France
171;2013-08-27 09:59:15;Osaka, Japan
172;2019-06-17 09:57:30;Tianjin, China
173;2022-09-30 10:27:36;Lagos, Nigeria
174;2014-01-30 22:09:19;Barcelona, Spain
175;2019-04-13 23:27:46;Lahore, Pakistan
176;2018-01-15 12:53:36;Detroit, United States
177;2012-12-04 01:10:44;Rio de Janeiro, Brazil
178;2022-05-14 12:18:44;Singapore, Singapore
179;2012-10-27 14:36:31;Bogotá, Colombia
180;2014-08-07 11:15:55;Jakarta, Indonesia
181;2020-05-27 14:53:33;Naples, Italy
182;2019-07-26 01:44:12;Istanbul, Turkey
183;2020-11-10 15:18:41;Washington, D.C., United States
184;2009-05-26 06:08:05;Houston, United States
185;2006-01-27 04:56:46;Cairo, Egypt
186;2020-12-04 16:01:16;Los Angeles, United States
187;2019-07-19 00:38:38;Lima, Peru
188;2020-04-01 06:53:34;Karachi, Pakistan
189;2018-05-21 08:32:22;São Paulo, Brazil
190;2021-01-14 02:16:32;Bangkok, Thailand
191;2017-05-10 09:07:36;Tokyo, Japan
192;2021-07-07 16:30:14;Valencia, Spain
193;2017-12-02 12:01:45;Los Angeles, United States
194;2017-04-05 07:00:21;Detroit, United States
195;2021-06-07 13:36:25;Karachi, Pakistan
196;2021-11-24 05:21:25;Jakarta, Indonesia
197;2019-06-13 00:33:54;Madrid, Spain
198;2014-03-30 10:11:37;Kuala Lumpur, Malaysia
199;2005-03-12 05:06:42;Lagos, Nigeria
200;2021-01-26 19:02:12;Xi'an, China
201;2019-04-06 20:58:20;Xi'an, China
202;2018-08-02 04:56:49;Miami, United States
