PostID;AuthorsWhoSharedthePost
0;'cheap_good'
0; 'electrical_process'
0; 'numerous_professor'
0; 'inevitable_garden'
0; 'foreign_great'
0; 'secure_peace'
0; 'period_client'
0; 'educational_wedding'
0; 'standard_bid'
0; 'plane_recipe'
0; 'east_ring'
0; 'correct_finish'
1;'broad_oil'
1; 'day_entry'
1; 'business_media'
1; 'aware_meeting'
1; 'due_wish'
1; 'silver_senior'
1; 'material_farmer'
1; 'rich_resort'
1; 'sexual_mother'
1; 'spare_match'
1; 'exact_common'
1; 'sick_group'
1; 'remote_bat'
1; 'southern_calendar'
1; 'reasonable_cheek'
1; 'adult_assumption'
1; 'upset_penalty'
1; 'loud_risk'
1; 'front_craft'
1; 'middle_action'
1; 'select_measurement'
1; 'silver_deep'
1; 'brilliant_cross'
1; 'electronic_procedure'
1; 'bitter_chair'
1; 'trick_eat'
1; 'flat_current'
1; 'unique_occasion'
2;'unusual_stand'
2; 'rich_player'
2; 'otherwise_funeral'
2; 'hard_test'
2; 'routine_child'
2; 'whole_king'
2; 'background_consideration'
2; 'historical_baby'
2; 'rare_treat'
2; 'status_quit'
2; 'unable_stable'
2; 'character_union'
2; 'savings_quiet'
3;'distinct_motor'
3; 'mad_historian'
4;'aggressive_building'
4; 'business_curve'
4; 'red_competition'
4; 'apart_potato'
4; 'impressive_might'
4; 'ideal_talk'
4; 'familiar_guess'
4; 'tiny_jump'
4; 'temporary_second'
4; 'head_focus'
4; 'front_amount'
4; 'own_mess'
4; 'think_total'
4; 'last_relation'
4; 'free_belt'
4; 'negative_comment'
4; 'effective_bend'
4; 'day_improvement'
4; 'key_ball'
4; 'powerful_year'
4; 'slight_quality'
4; 'latter_star'
4; 'parking_shock'
4; 'suitable_character'
4; 'live_country'
4; 'able_home'
4; 'gross_corner'
4; 'substantial_cell'
4; 'clear_royal'
5;'complete_sell'
5; 'expert_passage'
5; 'visible_place'
5; 'available_jacket'
5; 'dead_dark'
5; 'hot_aspect'
5; 'level_pack'
6;'status_wave'
6; 'wise_town'
6; 'conscious_business'
6; 'due_horror'
6; 'available_cigarette'
6; 'agent_hate'
6; 'original_drunk'
6; 'massive_experience'
6; 'unable_success'
6; 'middle_warning'
6; 'existing_condition'
6; 'white_argument'
6; 'select_back'
6; 'broad_breath'
6; 'inevitable_poetry'
6; 'fun_marketing'
6; 'purple_credit'
6; 'top_permit'
6; 'only_voice'
6; 'comfortable_week'
6; 'cheap_good'
6; 'game_teacher'
6; 'existing_good'
6; 'much_proposal'
6; 'top_wake'
7;'minute_fold'
7; 'physical_writing'
7; 'initial_enthusiasm'
7; 'basic_show'
7; 'strange_cry'
7; 'gold_wave'
7; 'automatic_association'
7; 'strange_background'
7; 'usual_international'
7; 'money_conference'
7; 'away_hand'
7; 'airline_convert'
7; 'dramatic_present'
7; 'firm_dot'
7; 'unable_public'
7; 'late_step'
7; 'exciting_opinion'
7; 'period_long'
7; 'tiny_extreme'
8;
9;'smooth_cup'
9; 'straight_lesson'
9; 'sexual_wood'
9; 'equal_size'
9; 'long_mixture'
9; 'natural_property'
9; 'ready_stomach'
9; 'royal_figure'
9; 'honest_shoe'
9; 'swimming_solution'
9; 'present_owner'
9; 'new_coffee'
9; 'famous_original'
9; 'raw_personal'
9; 'cold_might'
10;'suspicious_site'
10; 'some_breast'
10; 'any_homework'
10; 'live_cry'
10; 'informal_police'
10; 'lucky_weird'
10; 'afternoon_boat'
10; 'trick_temperature'
10; 'mad_western'
11;'bitter_pound'
11; 'open_fishing'
11; 'holiday_wonder'
11; 'private_peace'
11; 'specific_employ'
11; 'emergency_combine'
11; 'clear_conflict'
11; 'period_oil'
11; 'another_skin'
12;'exciting_death'
12; 'that_stranger'
12; 'wooden_winter'
12; 'according_afternoon'
12; 'latter_disk'
12; 'dependent_sense'
12; 'constant_slip'
12; 'animal_substance'
12; 'political_salad'
12; 'recent_lie'
12; 'incident_pen'
12; 'life_writing'
12; 'budget_reason'
12; 'prior_call'
12; 'grand_husband'
12; 'north_slide'
12; 'both_escape'
12; 'stock_summer'
12; 'gold_beer'
12; 'raw_appeal'
12; 'creative_guest'
12; 'hour_a'
12; 'guilty_bother'
13;'private_bake'
13; 'think_person'
13; 'relevant_juice'
13; 'deep_education'
13; 'negative_mountain'
13; 'certain_smile'
13; 'enough_unique'
13; 'realistic_internal'
13; 'neat_blank'
13; 'apart_dark'
14;'real_catch'
14; 'working_basis'
14; 'civil_step'
14; 'massive_tooth'
14; 'healthy_woman'
14; 'most_priority'
14; 'extreme_potential'
14; 'kind_parking'
14; 'physical_purple'
14; 'clear_royal'
14; 'foreign_guide'
14; 'remarkable_instance'
14; 'close_singer'
14; 'bright_local'
14; 'only_life'
14; 'scared_unique'
14; 'what_farm'
14; 'swimming_lie'
14; 'same_river'
15;'terrible_feed'
15; 'brown_film'
16;'leather_coast'
16; 'nearby_nasty'
16; 'overall_comment'
16; 'usual_usual'
16; 'key_poet'
16; 'wooden_chemical'
17;'entire_career'
17; 'administrative_promise'
17; 'prize_hand'
17; 'all_incident'
17; 'wide_sky'
17; 'plus_accident'
17; 'warm_substance'
17; 'critical_layer'
17; 'previous_treat'
17; 'financial_purpose'
17; 'life_assist'
17; 'straight_designer'
17; 'lucky_attempt'
17; 'pregnant_president'
17; 'subject_hope'
18;'business_power'
19;'adult_weather'
19; 'purple_midnight'
19; 'basic_transition'
19; 'soft_ideal'
19; 'minimum_prize'
19; 'full_golf'
19; 'period_usual'
19; 'massive_tax'
19; 'nice_bench'
19; 'cold_might'
20;'tall_somewhere'
20; 'mental_silver'
20; 'choice_leather'
20; 'far_homework'
20; 'successful_tie'
20; 'physical_member'
20; 'illegal_ladder'
20; 'necessary_respond'
21;'apart_push'
21; 'electronic_factor'
21; 'cheap_food'
21; 'possible_bike'
21; 'sea_policy'
21; 'pretty_board'
21; 'automatic_ability'
21; 'quiet_skirt'
21; 'difficult_collection'
21; 'strict_worker'
21; 'rough_chest'
21; 'illegal_key'
21; 'pregnant_draft'
21; 'strict_document'
21; 'false_map'
21; 'brave_abuse'
21; 'pure_past'
21; 'ready_knee'
21; 'consistent_holiday'
21; 'mobile_whereas'
21; 'whole_year'
21; 'total_train'
21; 'resident_travel'
21; 'available_minor'
21; 'friendly_print'
21; 'otherwise_raw'
21; 'economy_milk'
21; 'cool_flight'
22;'known_grass'
22; 'head_resist'
22; 'think_line'
22; 'natural_hurt'
22; 'ago_level'
22; 'street_master'
22; 'plane_private'
22; 'drunk_familiar'
22; 'winter_atmosphere'
22; 'aggressive_advantage'
22; 'fit_perception'
22; 'plane_bell'
22; 'boring_cycle'
22; 'particular_can'
22; 'sudden_draw'
23;'maximum_knife'
23; 'slow_program'
23; 'late_print'
23; 'aggressive_shirt'
23; 'background_capital'
23; 'deep_player'
23; 'extension_brain'
23; 'sharp_assist'
23; 'separate_selection'
23; 'work_tourist'
23; 'green_view'
24;'historical_familiar'
24; 'ideal_interview'
24; 'close_head'
24; 'simple_association'
24; 'smart_screw'
24; 'each_pass'
24; 'top_rain'
24; 'lower_cold'
24; 'gold_ruin'
24; 'senior_slide'
24; 'pleasant_affect'
24; 'remote_reality'
24; 'secure_deep'
25;'new_theme'
25; 'background_matter'
25; 'appropriate_economy'
25; 'perfect_brain'
25; 'ill_plate'
25; 'unique_day'
25; 'after_dark'
25; 'top_rip'
25; 'chicken_background'
25; 'several_negotiation'
25; 'interesting_mark'
25; 'emergency_function'
25; 'after_database'
25; 'sweet_mountain'
25; 'life_hang'
25; 'signal_pressure'
25; 'honest_goal'
25; 'relevant_illegal'
25; 'medical_tower'
25; 'minimum_fail'
25; 'classic_sentence'
25; 'that_assignment'
25; 'intelligent_upstairs'
25; 'wild_size'
25; 'swimming_hire'
25; 'curious_boot'
25; 'exciting_link'
26;
27;'efficient_effect'
27; 'careful_concept'
27; 'accurate_effort'
27; 'alive_health'
27; 'tiny_cause'
27; 'outside_future'
27; 'spiritual_thought'
27; 'fine_recording'
28;'classic_scratch'
28; 'raw_appeal'
28; 'suitable_due'
28; 'express_bear'
28; 'business_calendar'
28; 'western_branch'
28; 'hot_mouse'
28; 'white_panic'
28; 'ready_conclusion'
28; 'dry_zone'
29;'wide_brief'
29; 'interesting_employment'
29; 'exact_enthusiasm'
29; 'specific_lawyer'
29; 'unusual_state'
29; 'nearby_strain'
29; 'efficient_hang'
29; 'human_forever'
29; 'common_luck'
29; 'tiny_arrival'
29; 'equal_stuff'
29; 'background_individual'
29; 'action_reality'
29; 'dry_surround'
29; 'several_alcohol'
29; 'current_hour'
29; 'desperate_relation'
29; 'regular_nurse'
29; 'desperate_finance'
29; 'plastic_candy'
29; 'sharp_relationship'
29; 'former_dump'
29; 'few_white'
29; 'neat_oven'
29; 'foreign_resort'
29; 'visual_television'
30;'public_basis'
30; 'hungry_dear'
30; 'gold_dirt'
30; 'usual_bedroom'
30; 'every_house'
30; 'unusual_familiar'
30; 'western_assignment'
30; 'training_demand'
30; 'opposite_song'
30; 'west_suck'
30; 'deep_player'
30; 'thin_safe'
30; 'many_opening'
30; 'male_bus'
30; 'apart_sea'
30; 'existing_calendar'
30; 'apart_judgment'
31;'dangerous_shop'
31; 'budget_reason'
31; 'neither_function'
32;'suitable_internet'
32; 'kitchen_development'
32; 'street_contest'
33;'loose_proposal'
33; 'sharp_feed'
33; 'educational_job'
33; 'first_basket'
33; 'upper_stick'
33; 'horror_deposit'
33; 'rough_river'
33; 'severe_opening'
33; 'clear_deep'
33; 'super_conclusion'
33; 'honest_shoe'
33; 'decent_platform'
33; 'close_dimension'
33; 'comfortable_calendar'
34;'strange_search'
34; 'final_rate'
34; 'silver_bell'
34; 'personal_size'
34; 'emergency_concentrate'
34; 'pure_put'
34; 'internal_act'
34; 'flat_feedback'
34; 'that_picture'
34; 'corner_young'
34; 'then_enthusiasm'
34; 'dress_ship'
34; 'conscious_bother'
34; 'dependent_band'
34; 'angry_mixture'
34; 'educational_police'
34; 'internal_fortune'
34; 'normal_function'
34; 'background_contract'
34; 'tall_joke'
34; 'select_stage'
34; 'dangerous_glad'
34; 'easy_marketing'
34; 'resident_miss'
35;'remote_perception'
35; 'large_desk'
35; 'scared_tank'
35; 'smooth_cup'
35; 'significant_shot'
35; 'fresh_figure'
35; 'quiet_problem'
36;'forward_border'
36; 'anxious_breast'
36; 'other_most'
36; 'minute_figure'
36; 'subject_room'
36; 'historical_ear'
36; 'negative_alarm'
36; 'acceptable_heart'
36; 'constant_morning'
36; 'national_release'
36; 'good_nerve'
36; 'good_neat'
36; 'then_will'
36; 'whole_year'
36; 'temporary_inspector'
36; 'annual_will'
36; 'true_manufacturer'
37;'safe_mark'
37; 'north_slide'
37; 'significant_deep'
37; 'overall_visit'
37; 'frequent_drop'
37; 'critical_pay'
37; 'party_hand'
37; 'either_lock'
37; 'brief_depth'
37; 'financial_spend'
37; 'dark_external'
37; 'dependent_family'
37; 'present_discipline'
37; 'silly_blank'
37; 'white_page'
37; 'powerful_bell'
37; 'different_sink'
37; 'strange_stay'
37; 'powerful_ideal'
37; 'sexual_sell'
37; 'joint_star'
37; 'financial_permission'
37; 'express_life'
37; 'level_guidance'
37; 'administrative_promise'
37; 'ill_extension'
37; 'straight_lesson'
37; 'some_equal'
37; 'drunk_spirit'
38;'salt_alternative'
38; 'stupid_exit'
38; 'sexual_birth'
38; 'silly_disease'
38; 'substantial_oil'
38; 'kind_kick'
38; 'alternative_meaning'
38; 'proud_instance'
38; 'parking_height'
38; 'anxious_resolution'
38; 'unable_stable'
38; 'actual_might'
38; 'impressive_physics'
38; 'waste_repair'
38; 'less_reward'
38; 'away_editor'
38; 'far_republic'
38; 'according_scheme'
38; 'suitable_swimming'
38; 'dirty_show'
38; 'careful_bite'
38; 'after_variation'
38; 'spiritual_inside'
38; 'east_subject'
38; 'still_invite'
38; 'professional_customer'
38; 'educational_inevitable'
38; 'left_vast'
39;'boring_mud'
39; 'minute_consideration'
39; 'aware_freedom'
39; 'human_sock'
39; 'little_touch'
39; 'bitter_twist'
39; 'present_campaign'
39; 'some_size'
39; 'asleep_strength'
39; 'serious_mud'
39; 'true_square'
39; 'vegetable_paint'
40;'constant_finance'
40; 'every_assignment'
40; 'cultural_driver'
40; 'incident_initiative'
40; 'own_economy'
40; 'dangerous_coach'
40; 'usual_let'
40; 'dangerous_patient'
40; 'dependent_share'
40; 'competitive_can'
41;'warm_doctor'
41; 'subject_nerve'
41; 'due_page'
41; 'strange_train'
41; 'high_guest'
41; 'emergency_combine'
41; 'chance_implement'
41; 'current_rest'
41; 'hour_entrance'
41; 'tough_sick'
42;'wooden_you'
42; 'objective_branch'
42; 'left_efficiency'
42; 'trick_election'
43;'cultural_kind'
43; 'front_transportation'
43; 'secure_post'
43; 'least_football'
43; 'mad_glass'
43; 'interesting_act'
43; 'more_editor'
43; 'foreign_can'
43; 'native_land'
43; 'double_exchange'
43; 'international_sea'
43; 'serious_hat'
43; 'content_marketing'
43; 'incident_economics'
43; 'hot_bonus'
43; 'familiar_inflation'
43; 'chemical_twist'
43; 'anxious_bell'
43; 'powerful_snow'
43; 'southern_device'
43; 'special_order'
44;
45;'slow_harm'
45; 'drunk_spirit'
45; 'accurate_pitch'
45; 'party_failure'
45; 'mobile_arrival'
45; 'thin_glad'
45; 'left_counter'
45; 'some_software'
45; 'perfect_fan'
45; 'narrow_train'
45; 'tight_loss'
45; 'available_video'
45; 'severe_main'
45; 'strict_television'
45; 'wooden_nurse'
45; 'happy_dance'
45; 'alive_revenue'
45; 'classic_area'
45; 'chicken_depth'
45; 'long_system'
45; 'that_model'
45; 'money_grocery'
45; 'glad_current'
45; 'junior_failure'
45; 'different_sink'
45; 'latter_tongue'
45; 'time_tonight'
45; 'whole_extension'
46;'terrible_video'
46; 'silly_disease'
46; 'different_extreme'
46; 'joint_dance'
46; 'suitable_dot'
46; 'able_routine'
46; 'national_film'
46; 'desperate_source'
46; 'brief_surround'
46; 'internal_noise'
46; 'wrong_introduction'
46; 'sad_ear'
46; 'green_delivery'
46; 'less_management'
46; 'leading_literature'
46; 'funny_living'
46; 'alone_read'
46; 'period_replacement'
46; 'tough_corner'
46; 'actual_page'
46; 'strict_quality'
46; 'historical_company'
46; 'single_taste'
46; 'previous_requirement'
46; 'anxious_inspection'
46; 'impressive_insect'
46; 'internal_week'
46; 'severe_main'
46; 'grand_distance'
46; 'leading_daughter'
47;'rare_fishing'
47; 'incident_glove'
47; 'possible_bell'
47; 'terrible_psychology'
47; 'day_catch'
47; 'quick_result'
47; 'latter_disk'
47; 'technical_temperature'
47; 'cute_broad'
47; 'live_cigarette'
47; 'dress_selection'
47; 'less_attempt'
47; 'typical_fold'
47; 'east_kill'
48;'other_whereas'
48; 'daughter_sound'
48; 'south_worker'
48; 'conscious_editor'
48; 'level_string'
48; 'mission_sun'
48; 'actual_share'
48; 'both_board'
48; 'negative_grocery'
48; 'shot_equal'
48; 'lower_hand'
48; 'each_regular'
48; 'every_glad'
48; 'prior_ball'
48; 'aggressive_fault'
48; 'similar_physical'
48; 'current_specific'
48; 'loose_switch'
48; 'resident_lie'
48; 'significant_glove'
48; 'pretend_agency'
48; 'flat_net'
48; 'narrow_description'
48; 'each_staff'
48; 'slight_oil'
48; 'wise_lay'
48; 'odd_sign'
49;'safe_neck'
49; 'daughter_opening'
49; 'purple_department'
49; 'business_sink'
49; 'commercial_change'
49; 'dry_register'
49; 'most_departure'
49; 'electronic_raw'
49; 'common_picture'
49; 'vast_complaint'
49; 'extreme_equivalent'
49; 'visible_driver'
49; 'excellent_award'
49; 'external_gap'
49; 'last_wonder'
49; 'sudden_bicycle'
49; 'strange_bank'
49; 'clear_green'
49; 'mission_run'
49; 'home_spray'
49; 'brief_depth'
49; 'correct_slice'
49; 'wild_size'
49; 'hard_light'
50;'special_court'
50; 'special_order'
50; 'upper_error'
50; 'negative_charity'
50; 'first_reply'
50; 'national_film'
50; 'royal_maybe'
50; 'efficient_front'
50; 'former_beat'
50; 'negative_alarm'
50; 'intelligent_bar'
50; 'maximum_skill'
50; 'signal_tonight'
50; 'impressive_break'
50; 'dangerous_studio'
50; 'prior_mouth'
50; 'familiar_phrase'
50; 'afraid_pain'
50; 'front_craft'
50; 'civil_highway'
50; 'born_help'
50; 'hour_pipe'
50; 'huge_discount'
50; 'proud_string'
50; 'global_suit'
50; 'expensive_culture'
50; 'male_witness'
50; 'angry_county'
50; 'kitchen_jump'
50; 'responsible_glad'
51;'kitchen_candy'
51; 'spare_screw'
51; 'broad_serve'
51; 'overall_article'
51; 'gross_news'
51; 'neither_end'
51; 'free_category'
51; 'good_inside'
51; 'rich_mood'
51; 'valuable_brain'
51; 'nervous_operation'
51; 'former_reward'
51; 'embarrassed_song'
51; 'visual_phone'
51; 'significant_shot'
51; 'southern_weight'
51; 'content_pass'
51; 'specific_drag'
51; 'lucky_question'
51; 'joint_middle'
51; 'choice_chart'
51; 'budget_menu'
51; 'impossible_data'
52;'square_conflict'
52; 'sick_plane'
52; 'dry_chip'
52; 'game_quarter'
52; 'real_dependent'
52; 'electronic_support'
52; 'effective_bend'
52; 'other_proposal'
52; 'street_traffic'
52; 'former_fishing'
52; 'angry_county'
52; 'budget_snow'
52; 'salt_cancer'
52; 'conscious_international'
52; 'neither_owner'
52; 'working_pollution'
52; 'tall_interest'
52; 'fit_material'
52; 'scared_distance'
52; 'short_arm'
52; 'key_magazine'
52; 'trick_finance'
52; 'clean_coast'
52; 'upstairs_shoe'
52; 'smooth_net'
52; 'routine_strength'
52; 'most_departure'
52; 'separate_bat'
52; 'upset_female'
52; 'appropriate_feature'
53;'single_load'
53; 'lower_courage'
53; 'western_read'
53; 'straight_female'
54;'native_cat'
54; 'express_fall'
54; 'red_adult'
54; 'sick_carry'
54; 'downtown_credit'
54; 'subject_nerve'
54; 'expert_career'
54; 'foreign_level'
54; 'old_sentence'
54; 'female_conclusion'
54; 'helpful_mirror'
54; 'his_adult'
54; 'additional_trade'
54; 'equivalent_press'
54; 'excellent_award'
54; 'quiet_skirt'
54; 'apart_duty'
54; 'official_delay'
54; 'main_country'
54; 'such_win'
54; 'big_software'
54; 'asleep_bite'
54; 'objective_lock'
54; 'dry_surround'
55;'which_minute'
55; 'exciting_gather'
55; 'proper_dead'
55; 'otherwise_effort'
55; 'stupid_exit'
55; 'global_burn'
55; 'front_craft'
55; 'commercial_head'
55; 'previous_inflation'
55; 'local_fun'
55; 'formal_report'
55; 'exact_common'
55; 'careful_register'
56;'thin_age'
56; 'fine_disaster'
56; 'south_disease'
56; 'complete_doubt'
56; 'warm_substance'
56; 'north_injury'
56; 'dirty_interaction'
56; 'savings_basket'
56; 'cold_internet'
56; 'weird_attempt'
56; 'proof_forever'
56; 'careful_key'
56; 'unable_shape'
56; 'equal_pizza'
56; 'lower_media'
56; 'adult_swim'
56; 'medium_income'
56; 'extreme_construction'
56; 'economy_offer'
56; 'international_birthday'
56; 'action_reality'
56; 'proud_highlight'
56; 'available_library'
56; 'constant_chemistry'
57;'worth_attention'
57; 'character_parent'
57; 'accurate_nasty'
57; 'rich_surround'
57; 'wrong_doctor'
57; 'business_current'
57; 'every_evening'
57; 'hot_effort'
57; 'past_standard'
57; 'joint_season'
57; 'funny_laugh'
57; 'distinct_international'
57; 'positive_special'
57; 'large_can'
57; 'grand_cancel'
57; 'visible_employee'
58;'another_coat'
58; 'chicken_train'
58; 'wide_brief'
58; 'next_country'
58; 'actual_height'
58; 'representative_mother'
58; 'logical_switch'
58; 'mean_office'
58; 'remarkable_advance'
58; 'environmental_cry'
58; 'plane_mobile'
58; 'smart_volume'
58; 'tall_somewhere'
58; 'guilty_outcome'
58; 'educational_minute'
58; 'both_profile'
58; 'character_strain'
59;'unlikely_presence'
59; 'female_category'
59; 'thick_virus'
59; 'available_cloud'
59; 'extension_flight'
59; 'cool_substance'
59; 'brief_sick'
60;'better_technology'
60; 'winter_chart'
60; 'realistic_character'
60; 'impressive_version'
60; 'additional_demand'
60; 'better_background'
60; 'ideal_bus'
60; 'accurate_lack'
60; 'emergency_combine'
60; 'comprehensive_feeling'
60; 'young_metal'
60; 'impressive_cover'
60; 'decent_horse'
60; 'enough_objective'
60; 'ready_piano'
60; 'upper_peak'
60; 'fine_departure'
60; 'period_oil'
60; 'asleep_bath'
61;'relevant_son'
61; 'powerful_main'
61; 'own_mess'
61; 'honest_west'
61; 'left_length'
61; 'glass_vast'
61; 'low_community'
61; 'then_grocery'
62;'purple_appeal'
62; 'direct_potential'
62; 'plus_accident'
63;'sure_list'
63; 'cheap_client'
63; 'waste_repair'
63; 'previous_pen'
63; 'medical_implement'
63; 'sure_bottle'
63; 'impressive_might'
63; 'excellent_church'
63; 'late_clock'
63; 'savings_investment'
63; 'hard_marriage'
63; 'asleep_internet'
63; 'spiritual_truck'
63; 'electronic_reserve'
63; 'necessary_disaster'
63; 'mother_track'
63; 'fine_process'
64;'wrong_draft'
65;'heavy_background'
65; 'mean_fault'
65; 'medium_hit'
65; 'remote_representative'
65; 'formal_wear'
65; 'aggressive_advantage'
65; 'easy_bug'
65; 'professional_delivery'
65; 'ugly_piano'
65; 'senior_slide'
65; 'enough_switch'
65; 'late_step'
65; 'mental_display'
65; 'apart_mouth'
65; 'some_advertising'
65; 'acceptable_save'
65; 'foreign_president'
65; 'short_mind'
65; 'formal_help'
65; 'human_heavy'
65; 'psychological_budget'
65; 'top_permit'
65; 'raw_motor'
65; 'these_support'
65; 'parking_sugar'
65; 'select_actor'
65; 'emotional_association'
65; 'grand_quiet'
65; 'lower_permit'
65; 'clear_hook'
66;'serious_hat'
66; 'aware_knee'
66; 'firm_bath'
66; 'cheap_contest'
66; 'relative_month'
66; 'shot_strip'
66; 'national_physics'
66; 'lower_woman'
66; 'connect_mountain'
66; 'external_chair'
66; 'money_movie'
66; 'separate_ordinary'
66; 'vast_conference'
66; 'silver_culture'
66; 'educational_people'
66; 'curious_success'
66; 'accurate_today'
66; 'south_tell'
66; 'grand_gather'
66; 'inside_student'
66; 'fine_conflict'
66; 'chicken_paper'
66; 'apart_sea'
66; 'some_plate'
66; 'general_base'
67;'many_quantity'
67; 'southern_calendar'
68;'smooth_cup'
68; 'obvious_fun'
68; 'technical_yellow'
68; 'money_man'
68; 'pretty_western'
68; 'comfortable_passenger'
68; 'active_resource'
68; 'top_night'
68; 'safe_reflection'
68; 'dangerous_depth'
68; 'western_politics'
68; 'quick_mud'
68; 'key_mate'
68; 'female_truth'
68; 'status_quit'
68; 'famous_indication'
68; 'sudden_fix'
68; 'expensive_note'
68; 'designer_direction'
68; 'familiar_rent'
69;'similar_plenty'
69; 'possible_fish'
69; 'brief_reflection'
69; 'solid_map'
69; 'boring_soft'
69; 'far_recover'
69; 'neither_burn'
70;'plastic_bus'
70; 'decent_horse'
70; 'long_mixture'
70; 'dry_arrival'
70; 'double_serve'
70; 'real_share'
70; 'square_command'
70; 'fine_spend'
70; 'poor_bottom'
70; 'level_pack'
70; 'chemical_mention'
70; 'known_read'
70; 'possible_path'
70; 'tall_frame'
70; 'money_association'
70; 'right_apartment'
70; 'perfect_request'
70; 'mobile_hate'
70; 'smooth_quality'
70; 'late_housing'
70; 'most_kick'
70; 'visible_boss'
70; 'strange_uncle'
70; 'funny_recipe'
70; 'dry_rich'
70; 'content_combine'
70; 'parking_figure'
71;'life_occasion'
71; 'impossible_data'
71; 'wine_active'
71; 'used_disaster'
71; 'mean_energy'
71; 'round_split'
71; 'dramatic_battle'
71; 'leading_base'
71; 'valuable_laugh'
71; 'expensive_course'
71; 'plus_side'
71; 'foreign_library'
71; 'joint_feature'
71; 'fun_feel'
71; 'complex_birthday'
71; 'future_map'
71; 'this_solution'
71; 'life_point'
72;'representative_evidence'
72; 'inevitable_instance'
72; 'material_dump'
72; 'chicken_design'
72; 'south_ship'
72; 'huge_training'
72; 'relative_basis'
72; 'electrical_trainer'
72; 'resident_physics'
72; 'current_vehicle'
72; 'rare_being'
72; 'straight_wrap'
72; 'prize_dish'
72; 'loud_join'
72; 'various_escape'
72; 'least_exit'
72; 'free_category'
72; 'complete_mode'
72; 'fine_burn'
72; 'still_independent'
72; 'kind_officer'
72; 'top_skirt'
72; 'next_country'
72; 'senior_surgery'
72; 'clear_mistake'
72; 'dependent_mood'
72; 'best_mark'
72; 'sensitive_pick'
72; 'select_senior'
72; 'upper_stick'
73;'pretty_wash'
73; 'action_freedom'
73; 'grand_spread'
73; 'clear_steak'
73; 'downtown_shock'
73; 'few_implement'
73; 'funny_listen'
73; 'other_whereas'
74;'good_fortune'
74; 'lonely_keep'
74; 'large_can'
74; 'accurate_bother'
74; 'perfect_society'
74; 'patient_dust'
74; 'brief_text'
74; 'pleasant_working'
74; 'clean_pleasure'
74; 'objective_chocolate'
74; 'significant_pollution'
74; 'empty_growth'
74; 'nearby_practice'
74; 'money_document'
74; 'extreme_map'
74; 'slow_paper'
75;'final_quantity'
75; 'day_description'
75; 'formal_coffee'
75; 'specific_rain'
75; 'strange_uncle'
75; 'specific_arm'
75; 'cold_burn'
75; 'mental_tree'
76;'sudden_draw'
76; 'express_choice'
76; 'personal_abroad'
76; 'normal_bat'
76; 'kind_tennis'
76; 'money_win'
76; 'national_low'
76; 'nervous_garden'
76; 'glad_bag'
76; 'exact_fishing'
76; 'suitable_safety'
76; 'available_wine'
76; 'forward_rich'
76; 'equal_wing'
76; 'scared_friend'
76; 'otherwise_effort'
77;'legal_forever'
77; 'gold_ruin'
77; 'perfect_tension'
77; 'right_signature'
77; 'ill_audience'
77; 'each_most'
77; 'different_confusion'
78;'secure_shock'
79;'electronic_value'
79; 'plus_plastic'
79; 'previous_advance'
79; 'upstairs_maybe'
79; 'simple_gate'
79; 'useful_link'
79; 'real_wealth'
79; 'gold_lawyer'
80;'easy_salad'
80; 'external_order'
80; 'current_reward'
80; 'suitable_due'
80; 'better_background'
80; 'red_accident'
81;'cheap_contest'
81; 'feeling_maintenance'
81; 'right_glad'
81; 'winter_action'
81; 'emotional_house'
81; 'known_shirt'
81; 'good_appearance'
81; 'narrow_possibility'
81; 'serious_wish'
81; 'conscious_flight'
82;'big_minimum'
82; 'neat_a'
82; 'signal_tonight'
82; 'inevitable_independent'
82; 'either_benefit'
82; 'former_setting'
82; 'wine_tennis'
82; 'south_ship'
82; 'much_choice'
82; 'opposite_pressure'
83;'asleep_lift'
83; 'external_jump'
83; 'left_spare'
83; 'useful_school'
83; 'visible_assignment'
83; 'cute_fear'
83; 'rich_mood'
83; 'electronic_procedure'
83; 'visible_place'
83; 'key_moment'
83; 'slow_rise'
83; 'hot_safety'
83; 'gross_summer'
83; 'any_branch'
83; 'true_part'
83; 'east_purple'
83; 'right_description'
84;'fast_recommendation'
84; 'good_worth'
84; 'straight_college'
84; 'work_study'
85;'after_official'
85; 'efficient_extent'
85; 'routine_hold'
85; 'massive_father'
85; 'ago_set'
85; 'various_sock'
85; 'correct_meaning'
85; 'each_brain'
85; 'negative_member'
85; 'equal_harm'
85; 'fair_dog'
85; 'still_hide'
85; 'official_maximum'
85; 'current_suck'
85; 'fun_group'
85; 'bright_hit'
85; 'super_nation'
85; 'kitchen_candy'
85; 'anxious_inspection'
85; 'brave_abuse'
85; 'kind_drag'
85; 'important_reserve'
85; 'master_goal'
85; 'white_crazy'
85; 'some_law'
86;'major_heart'
86; 'fun_marketing'
86; 'relative_basis'
86; 'embarrassed_boat'
86; 'this_item'
86; 'top_skirt'
86; 'ill_island'
86; 'plastic_pen'
86; 'status_part'
86; 'thin_temperature'
87;'additional_ear'
87; 'ready_attack'
87; 'proper_finance'
87; 'minimum_prize'
87; 'internal_basis'
87; 'strict_entry'
87; 'loose_role'
87; 'regular_blue'
87; 'live_concentrate'
87; 'desperate_society'
87; 'alone_handle'
87; 'live_present'
87; 'external_note'
88;'tight_kiss'
88; 'last_joke'
88; 'regular_advantage'
88; 'comfortable_culture'
88; 'brown_web'
88; 'realistic_bicycle'
88; 'busy_club'
88; 'anxious_sky'
88; 'first_funeral'
88; 'famous_buy'
88; 'home_appearance'
88; 'automatic_cell'
88; 'free_use'
89;'commercial_commercial'
89; 'fit_method'
89; 'public_education'
89; 'afternoon_spell'
89; 'general_engineer'
89; 'brief_paper'
89; 'critical_trash'
89; 'tiny_idea'
89; 'different_crack'
89; 'busy_idea'
89; 'dirty_offer'
89; 'afraid_pain'
89; 'plenty_credit'
89; 'obvious_final'
89; 'ideal_blood'
89; 'general_negotiation'
89; 'numerous_sport'
89; 'massive_dear'
89; 'desperate_relation'
89; 'sick_benefit'
89; 'dramatic_occasion'
89; 'thin_perspective'
89; 'less_management'
90;'little_bench'
90; 'beginning_bat'
90; 'bright_keep'
90; 'gold_light'
90; 'then_word'
90; 'opening_midnight'
90; 'downtown_child'
90; 'budget_expression'
90; 'high_breath'
90; 'ago_art'
90; 'annual_orange'
90; 'cute_value'
90; 'comprehensive_art'
90; 'separate_it'
90; 'remote_iron'
90; 'neither_burn'
90; 'relative_mortgage'
90; 'south_ship'
91;'aware_incident'
91; 'brief_assistance'
92;'first_funeral'
92; 'individual_audience'
92; 'impressive_physics'
92; 'individual_reserve'
92; 'desperate_branch'
92; 'which_permit'
92; 'decent_platform'
92; 'global_partner'
92; 'afternoon_west'
92; 'kitchen_engine'
92; 'amazing_wine'
92; 'plenty_campaign'
92; 'clear_style'
92; 'big_drawer'
92; 'consistent_transition'
92; 'necessary_career'
92; 'sea_book'
92; 'certain_smile'
92; 'unable_board'
92; 'express_college'
92; 'safe_profile'
92; 'quick_whole'
92; 'realistic_oven'
93;'house_play'
93; 'low_dimension'
93; 'gold_beer'
93; 'asleep_failure'
93; 'long_mixture'
93; 'economy_milk'
93; 'loose_investment'
93; 'material_dump'
93; 'pregnant_sail'
93; 'rich_mood'
93; 'true_beautiful'
93; 'loud_cancer'
93; 'empty_buy'
93; 'crazy_crack'
93; 'firm_novel'
93; 'crazy_year'
93; 'recent_trouble'
93; 'regular_judge'
93; 'friendly_style'
93; 'east_example'
93; 'national_stupid'
93; 'many_suck'
94;'plane_bell'
94; 'immediate_window'
94; 'solid_kind'
94; 'particular_main'
94; 'pretty_western'
94; 'stupid_till'
94; 'particular_row'
94; 'exciting_opinion'
94; 'glad_bag'
95;'close_dimension'
95; 'evening_upstairs'
95; 'amazing_hide'
95; 'available_mail'
95; 'south_ring'
95; 'fast_telephone'
95; 'upstairs_part'
95; 'decent_future'
95; 'either_strike'
95; 'latter_cream'
95; 'slow_prior'
95; 'illegal_variation'
95; 'exact_hold'
95; 'popular_rope'
95; 'kind_candy'
96;'smart_definition'
96; 'mission_you'
96; 'heavy_brain'
96; 'frequent_volume'
96; 'odd_software'
96; 'additional_rule'
96; 'pure_equivalent'
96; 'both_profile'
96; 'upper_shelter'
96; 'responsible_interest'
96; 'usual_feedback'
96; 'bitter_specific'
96; 'long_change'
96; 'overall_technology'
97;'helpful_edge'
97; 'better_substance'
97; 'general_ability'
97; 'apart_joint'
97; 'forward_beyond'
97; 'slow_event'
98;'creative_bird'
98; 'every_earth'
98; 'high_breath'
98; 'extension_situation'
98; 'stupid_target'
98; 'amazing_bat'
98; 'several_tale'
98; 'annual_work'
98; 'unable_duty'
98; 'wise_town'
98; 'little_satisfaction'
98; 'plane_establishment'
98; 'decent_final'
98; 'his_adult'
98; 'master_goal'
98; 'outside_routine'
98; 'top_quiet'
98; 'medium_good'
98; 'safe_club'
98; 'period_usual'
98; 'suitable_bake'
98; 'key_condition'
98; 'individual_election'
98; 'evening_grandmother'
99;'equivalent_contract'
99; 'due_book'
99; 'tight_loss'
99; 'female_shape'
99; 'exciting_meaning'
99; 'plane_recipe'
99; 'born_young'
99; 'able_nasty'
99; 'appropriate_exam'
99; 'competitive_fire'
99; 'home_appearance'
99; 'empty_growth'
99; 'federal_piano'
99; 'shot_claim'
99; 'reasonable_picture'
99; 'exact_dump'
100;'decent_inside'
100; 'unhappy_spring'
100; 'specific_frame'
100; 'latter_incident'
100; 'effective_space'
100; 'southern_statement'
100; 'tiny_extreme'
100; 'front_truck'
100; 'double_exchange'
100; 'national_long'
100; 'many_suck'
100; 'high_landscape'
100; 'nasty_opinion'
100; 'minute_fuel'
100; 'actual_lecture'
100; 'mean_engineering'
100; 'acceptable_witness'
100; 'chance_serve'
100; 'whole_wall'
100; 'plane_wash'
100; 'only_care'
100; 'mean_fault'
100; 'responsible_daughter'
100; 'lost_consequence'
101;
102;'legal_forever'
102; 'informal_ruin'
102; 'tight_remove'
102; 'think_valuable'
102; 'international_pause'
102; 'whole_formal'
102; 'same_profile'
102; 'least_hair'
102; 'friendly_truth'
102; 'glass_punch'
102; 'signal_foot'
102; 'downtown_shock'
102; 'grand_bird'
102; 'cute_doubt'
102; 'open_project'
102; 'bright_yard'
102; 'green_strain'
102; 'warm_hair'
102; 'acceptable_temperature'
102; 'traditional_hospital'
103;'opening_post'
103; 'efficient_pie'
103; 'friendly_interaction'
103; 'slight_prompt'
103; 'critical_fruit'
103; 'swimming_space'
103; 'mobile_bedroom'
103; 'relative_guest'
103; 'some_size'
103; 'individual_bad'
103; 'own_manager'
103; 'wild_industry'
103; 'middle_appeal'
103; 'ugly_medium'
103; 'terrible_brilliant'
103; 'senior_chemical'
103; 'ordinary_hit'
103; 'ugly_zone'
103; 'constant_host'
103; 'western_wine'
103; 'poor_staff'
103; 'wise_screw'
103; 'appropriate_storage'
103; 'able_nasty'
104;
105;'just_silver'
105; 'whole_king'
105; 'pure_proposal'
105; 'frequent_escape'
105; 'after_dark'
105; 'living_worker'
105; 'more_leadership'
105; 'working_county'
105; 'southern_statement'
105; 'corner_warning'
105; 'gold_horror'
105; 'swimming_student'
105; 'critical_stretch'
105; 'minute_row'
105; 'pregnant_atmosphere'
105; 'green_mission'
105; 'mission_run'
105; 'another_sock'
105; 'global_burn'
105; 'substantial_pick'
105; 'particular_kick'
105; 'individual_history'
105; 'corner_young'
106;'sea_independent'
106; 'new_give'
106; 'grand_inevitable'
106; 'proper_advertising'
106; 'double_sand'
106; 'still_invite'
106; 'regular_big'
106; 'next_finger'
106; 'what_heat'
106; 'impressive_dark'
106; 'round_meeting'
106; 'substantial_gate'
107;
108;'common_vast'
108; 'dry_permit'
108; 'anxious_inspection'
108; 'used_read'
108; 'popular_desire'
108; 'equivalent_recognition'
108; 'mean_floor'
108; 'working_atmosphere'
109;'raw_appeal'
109; 'sure_band'
109; 'civil_grab'
109; 'environmental_report'
109; 'sad_box'
109; 'some_plate'
109; 'secret_area'
109; 'actual_page'
109; 'yellow_blood'
109; 'human_sock'
109; 'odd_number'
109; 'even_pack'
109; 'actual_door'
109; 'frequent_consist'
109; 'feeling_distribution'
109; 'large_while'
109; 'basic_factor'
109; 'proud_sail'
109; 'narrow_description'
109; 'money_focus'
109; 'upstairs_part'
109; 'both_math'
109; 'west_friend'
109; 'anxious_few'
109; 'constant_video'
109; 'present_possible'
109; 'powerful_hit'
110;'bitter_interaction'
110; 'emotional_closet'
110; 'slow_paper'
110; 'select_theory'
110; 'ideal_blood'
110; 'strange_foundation'
110; 'unique_resident'
110; 'relevant_funny'
110; 'false_map'
110; 'constant_slip'
110; 'ready_poet'
110; 'novel_will'
110; 'old_toe'
110; 'swimming_solution'
111;'another_pattern'
111; 'fresh_fish'
111; 'odd_front'
111; 'due_start'
112;
113;'fat_answer'
113; 'signal_foot'
113; 'stock_noise'
113; 'positive_tale'
114;'current_camp'
114; 'strict_vehicle'
114; 'evening_spot'
114; 'designer_housing'
114; 'capital_while'
114; 'day_grass'
114; 'practical_length'
114; 'informal_tower'
114; 'short_arm'
114; 'busy_city'
114; 'spiritual_buddy'
114; 'raw_committee'
114; 'tough_elevator'
114; 'level_winner'
114; 'competitive_switch'
114; 'crazy_speaker'
114; 'prize_sector'
114; 'born_duty'
114; 'mission_development'
114; 'soft_bench'
114; 'level_night'
114; 'material_function'
114; 'character_bill'
114; 'signal_range'
114; 'previous_swing'
114; 'late_husband'
114; 'feeling_main'
114; 'whole_extension'
114; 'whole_contest'
115;'another_move'
115; 'horror_vast'
115; 'objective_rope'
115; 'which_company'
115; 'desperate_call'
116;'nasty_lesson'
116; 'young_diet'
116; 'wine_web'
116; 'secret_doubt'
116; 'dear_bake'
116; 'kitchen_engine'
116; 'immediate_chart'
116; 'beautiful_doctor'
116; 'soft_respond'
116; 'apart_document'
116; 'impossible_attempt'
116; 'ready_brush'
116; 'difficult_order'
116; 'right_apartment'
116; 'high_guest'
116; 'total_web'
116; 'working_phone'
116; 'internal_fortune'
116; 'negative_nurse'
116; 'inevitable_cow'
116; 'unusual_climate'
116; 'fast_negotiation'
116; 'chemical_mention'
116; 'commercial_curve'
116; 'double_top'
116; 'young_menu'
116; 'fresh_gene'
116; 'fresh_fish'
117;'additional_ear'
117; 'mental_save'
117; 'right_grade'
117; 'busy_window'
118;'basic_transition'
118; 'total_web'
118; 'east_poet'
118; 'impossible_lab'
118; 'comprehensive_negative'
118; 'sorry_heavy'
118; 'emotional_collection'
118; 'grand_employment'
118; 'massive_tooth'
118; 'spare_match'
119;'silly_blank'
119; 'glass_panic'
119; 'competitive_training'
119; 'silver_design'
119; 'former_tip'
119; 'emergency_club'
119; 'used_big'
119; 'budget_quarter'
119; 'actual_door'
119; 'extension_length'
119; 'total_whole'
119; 'only_major'
119; 'worth_egg'
119; 'agent_chip'
119; 'corner_title'
119; 'full_you'
119; 'asleep_internet'
119; 'savings_tower'
119; 'select_trainer'
119; 'regular_child'
119; 'prize_hand'
119; 'previous_pen'
119; 'leading_go'
119; 'last_tell'
119; 'able_character'
119; 'otherwise_effort'
119; 'nervous_fact'
120;'slow_ruin'
120; 'adult_conclusion'
120; 'medical_opportunity'
120; 'known_charity'
120; 'nice_president'
120; 'evening_top'
120; 'wonderful_function'
120; 'front_she'
120; 'correct_equivalent'
120; 'medical_rain'
120; 'fun_ordinary'
120; 'away_editor'
120; 'strict_collection'
120; 'dramatic_text'
120; 'silver_letter'
120; 'unhappy_comment'
120; 'late_clock'
120; 'suspicious_clue'
120; 'upper_shelter'
120; 'long_dimension'
120; 'mother_discipline'
120; 'sharp_type'
120; 'western_attitude'
121;'psychological_painting'
121; 'suspicious_clue'
121; 'stupid_exit'
121; 'both_person'
121; 'select_session'
121; 'major_refuse'
121; 'decent_change'
121; 'angry_drama'
121; 'excellent_knee'
121; 'solid_kind'
121; 'physical_unique'
121; 'far_upper'
121; 'bitter_chair'
122;'glass_bird'
122; 'latter_series'
122; 'independent_idea'
123;'better_substance'
123; 'temporary_memory'
123; 'work_breakfast'
123; 'incident_pin'
123; 'few_career'
123; 'active_village'
123; 'interesting_emotion'
123; 'tight_week'
123; 'gross_product'
123; 'dramatic_money'
123; 'able_sandwich'
123; 'double_leg'
123; 'administrative_employ'
123; 'fast_instruction'
123; 'historical_source'
123; 'poor_exchange'
123; 'trick_rain'
123; 'objective_lock'
123; 'suitable_attention'
123; 'united_consideration'
123; 'little_experience'
124;'suitable_usual'
124; 'minor_concentrate'
124; 'private_particular'
124; 'right_transportation'
124; 'hot_aspect'
124; 'empty_trade'
124; 'famous_stop'
124; 'warm_airline'
124; 'final_meal'
124; 'action_classroom'
125;'vegetable_guitar'
125; 'total_train'
125; 'sharp_whereas'
125; 'asleep_internet'
125; 'relative_engineering'
125; 'illegal_back'
125; 'specific_frame'
125; 'complete_negative'
125; 'patient_black'
125; 'used_annual'
125; 'common_way'
125; 'numerous_professor'
125; 'acceptable_witness'
125; 'cute_subject'
125; 'visible_escape'
125; 'either_plenty'
125; 'hard_nothing'
125; 'proper_nasty'
125; 'status_meet'
125; 'entire_draft'
125; 'decent_knife'
125; 'chicken_make'
126;'level_sample'
126; 'party_stay'
126; 'independent_idea'
126; 'less_hunt'
127;'gold_beer'
127; 'different_broad'
127; 'rough_bite'
127; 'slow_selection'
127; 'excellent_east'
127; 'equivalent_field'
127; 'west_shift'
127; 'silver_spring'
127; 'wooden_chemical'
127; 'master_storm'
127; 'amazing_disk'
127; 'some_roll'
127; 'objective_rope'
127; 'neat_experience'
128;'present_reflection'
128; 'loose_proposal'
128; 'incident_glove'
128; 'available_jacket'
128; 'familiar_program'
128; 'entire_taste'
128; 'less_fold'
128; 'former_bank'
128; 'level_joint'
128; 'cute_doubt'
128; 'terrible_burn'
128; 'key_original'
128; 'leather_impact'
128; 'high_crack'
128; 'nearby_split'
128; 'deep_shine'
128; 'numerous_radio'
128; 'live_quiet'
128; 'international_test'
128; 'pretend_reason'
128; 'narrow_independent'
128; 'useful_invite'
128; 'holiday_neat'
128; 'silver_public'
128; 'hot_assistance'
128; 'stock_noise'
128; 'square_essay'
129;'overall_establishment'
129; 'afraid_girlfriend'
129; 'ideal_hang'
129; 'worth_database'
129; 'several_lock'
129; 'native_salary'
129; 'routine_door'
129; 'quiet_confusion'
129; 'internal_noise'
129; 'able_man'
129; 'brief_construction'
129; 'drunk_analysis'
129; 'forward_passage'
129; 'powerful_kid'
129; 'better_hook'
129; 'motor_diet'
129; 'major_pizza'
129; 'united_book'
129; 'unhappy_act'
129; 'numerous_permit'
129; 'used_swim'
130;
131;'budget_definition'
131; 'house_time'
131; 'chemical_mention'
131; 'this_set'
131; 'budget_deep'
131; 'ideal_hang'
132;'constant_soft'
132; 'dramatic_issue'
132; 'famous_belt'
132; 'upset_tongue'
132; 'money_present'
132; 'red_career'
132; 'several_change'
132; 'logical_issue'
132; 'secret_volume'
132; 'such_fruit'
132; 'lonely_sick'
132; 'equal_lead'
132; 'tough_sick'
133;'old_individual'
133; 'business_wish'
133; 'any_memory'
133; 'which_independent'
133; 'choice_package'
133; 'apart_zone'
133; 'enough_objective'
133; 'tight_kiss'
133; 'realistic_passion'
133; 'grand_contact'
133; 'savings_basket'
133; 'brown_web'
133; 'personal_dimension'
133; 'deep_brain'
133; 'winter_tourist'
133; 'competitive_stand'
133; 'salt_suggestion'
133; 'anxious_inspection'
133; 'wine_belt'
133; 'happy_menu'
133; 'primary_award'
133; 'short_management'
134;'think_message'
134; 'pregnant_draft'
134; 'impossible_limit'
134; 'united_bottle'
134; 'leather_bug'
134; 'exact_hold'
134; 'physical_craft'
134; 'equal_nature'
134; 'global_disaster'
134; 'every_knee'
134; 'male_party'
134; 'secret_calendar'
134; 'think_bed'
134; 'significant_invite'
134; 'desperate_range'
134; 'sensitive_prompt'
134; 'dangerous_secret'
134; 'physical_designer'
134; 'car_advertising'
134; 'parking_disaster'
134; 'upper_shelter'
134; 'terrible_brilliant'
134; 'brief_depth'
134; 'fit_law'
134; 'human_chain'
134; 'open_customer'
134; 'next_reaction'
135;'specialist_shine'
135; 'single_oven'
135; 'choice_assumption'
135; 'false_trust'
135; 'glass_luck'
136;'hungry_engineer'
136; 'kitchen_gas'
136; 'super_nation'
136; 'classic_sentence'
136; 'worth_gap'
136; 'general_negotiation'
136; 'scared_doubt'
136; 'new_girl'
137;'wrong_patience'
137; 'little_listen'
137; 'gold_procedure'
137; 'representative_evidence'
137; 'tall_driver'
137; 'southern_device'
137; 'material_function'
137; 'male_bus'
137; 'final_mood'
137; 'horror_president'
137; 'pregnant_share'
137; 'secure_due'
137; 'proof_marketing'
137; 'temporary_education'
137; 'warm_beginning'
137; 'terrible_sex'
137; 'certain_sale'
137; 'strict_load'
138;'several_change'
138; 'visible_beautiful'
138; 'little_press'
138; 'training_interest'
138; 'this_minute'
138; 'remote_fill'
138; 'glad_life'
138; 'another_sock'
138; 'important_cake'
138; 'capable_sex'
138; 'sea_class'
138; 'unfair_direction'
138; 'high_layer'
138; 'beautiful_ear'
138; 'electrical_process'
138; 'immediate_amount'
138; 'interesting_teacher'
138; 'slight_supermarket'
138; 'professional_death'
138; 'desperate_coat'
138; 'white_entertainment'
138; 'few_space'
138; 'salt_training'
138; 'western_disk'
139;'level_land'
139; 'both_person'
140;'illegal_engineering'
140; 'less_building'
140; 'total_train'
140; 'calm_hold'
140; 'fun_control'
140; 'even_preference'
140; 'subject_music'
140; 'odd_celebration'
140; 'unable_catch'
141;'comfortable_culture'
141; 'hot_aspect'
141; 'super_nation'
141; 'civil_session'
141; 'party_hand'
141; 'electrical_stuff'
141; 'brilliant_escape'
141; 'fresh_hide'
141; 'material_visit'
141; 'plus_slip'
141; 'inevitable_chance'
141; 'silly_disease'
141; 'after_panic'
141; 'north_egg'
141; 'high_drawing'
141; 'capable_effect'
141; 'direct_specific'
141; 'eastern_record'
141; 'this_contract'
141; 'green_rip'
141; 'business_curve'
141; 'ugly_patience'
141; 'lucky_doctor'
141; 'pure_decision'
141; 'primary_number'
141; 'short_context'
142;'severe_signal'
142; 'ready_attack'
142; 'character_collar'
142; 'acceptable_camp'
142; 'dry_background'
142; 'little_growth'
142; 'significant_opportunity'
142; 'dependent_creative'
142; 'brief_significance'
142; 'west_tongue'
142; 'winter_lunch'
142; 'past_shock'
142; 'ago_address'
142; 'capable_paint'
142; 'salt_affect'
142; 'swimming_salary'
142; 'daughter_east'
142; 'typical_worth'
142; 'parking_reputation'
142; 'narrow_bell'
142; 'street_marriage'
142; 'frequent_bird'
142; 'unusual_wood'
142; 'terrible_sex'
142; 'pleasant_web'
142; 'negative_strain'
142; 'airline_sand'
143;'sexual_effective'
143; 'different_feedback'
143; 'practical_shape'
143; 'female_law'
143; 'helpful_staff'
143; 'opposite_abroad'
143; 'safe_might'
143; 'curious_pay'
143; 'useful_pin'
143; 'salt_spend'
143; 'emergency_club'
143; 'typical_treat'
143; 'brief_surround'
143; 'odd_number'
143; 'typical_father'
143; 'tough_show'
143; 'asleep_fact'
143; 'hot_winter'
143; 'high_obligation'
143; 'still_shoulder'
143; 'budget_scale'
143; 'calm_action'
143; 'aware_usual'
143; 'southern_weight'
143; 'active_growth'
143; 'less_hunt'
143; 'winter_cross'
144;'cultural_wedding'
144; 'last_tell'
144; 'kind_candy'
144; 'useful_link'
144; 'various_bath'
144; 'sensitive_wing'
144; 'single_calm'
144; 'willing_stomach'
144; 'swimming_lie'
144; 'poor_bottom'
144; 'character_ordinary'
144; 'royal_drag'
144; 'that_year'
144; 'unable_success'
144; 'secret_bicycle'
144; 'electronic_damage'
144; 'think_sensitive'
144; 'long_bother'
144; 'sweet_virus'
144; 'nasty_opinion'
145;'cool_visual'
145; 'professional_reply'
145; 'raw_climate'
145; 'mountain_hello'
145; 'pure_decision'
145; 'west_friend'
145; 'background_passage'
145; 'other_order'
145; 'wise_bet'
145; 'party_failure'
145; 'southern_research'
145; 'nervous_college'
145; 'tight_transition'
145; 'successful_area'
145; 'time_raw'
145; 'grand_place'
145; 'routine_creative'
145; 'salt_debt'
145; 'basic_pollution'
145; 'federal_hall'
145; 'gold_chance'
145; 'middle_rain'
145; 'game_teacher'
145; 'agent_pressure'
145; 'money_sandwich'
145; 'red_survey'
145; 'money_win'
145; 'stock_net'
145; 'unusual_familiar'
146;'automatic_tradition'
146; 'cultural_proof'
146; 'glass_version'
147;'thick_kind'
147; 'working_highway'
148;'mental_sale'
148; 'economy_inflation'
148; 'slow_ruin'
149;'ugly_earth'
149; 'whole_gap'
149; 'suitable_shelter'
149; 'big_drawer'
149; 'small_salad'
149; 'able_history'
149; 'former_setting'
149; 'personal_song'
149; 'kitchen_international'
149; 'brilliant_combine'
150;'away_respond'
150; 'embarrassed_boat'
150; 'capable_brilliant'
150; 'hot_aspect'
150; 'cool_bit'
150; 'patient_assumption'
150; 'historical_chest'
151;'distinct_motor'
151; 'sweet_function'
151; 'crazy_year'
151; 'typical_term'
151; 'budget_model'
151; 'due_fault'
151; 'aware_surround'
151; 'available_chart'
151; 'pretty_board'
151; 'poor_regret'
152;'parking_you'
152; 'united_club'
152; 'heavy_inspection'
152; 'active_shopping'
152; 'personal_girl'
152; 'easy_repeat'
152; 'unhappy_grass'
152; 'false_penalty'
152; 'select_theory'
152; 'hard_light'
152; 'enough_objective'
152; 'wrong_doctor'
152; 'home_remote'
152; 'minute_literature'
152; 'wonderful_amount'
152; 'think_person'
152; 'soft_sock'
152; 'time_disease'
153;'each_whole'
153; 'inevitable_garden'
153; 'soft_bell'
153; 'first_sky'
153; 'rough_lesson'
153; 'ugly_zone'
153; 'routine_district'
153; 'excellent_joke'
153; 'square_frame'
153; 'smart_initiative'
153; 'opposite_credit'
153; 'former_fishing'
153; 'direct_childhood'
153; 'alternative_card'
153; 'green_indication'
153; 'lower_click'
153; 'tough_resist'
153; 'home_power'
153; 'mental_sale'
153; 'pure_area'
153; 'most_bottle'
153; 'commercial_option'
153; 'slow_engine'
153; 'dear_budget'
153; 'economy_sad'
153; 'friendly_muscle'
154;'upset_surprise'
154; 'odd_whole'
154; 'true_church'
154; 'vast_west'
154; 'familiar_rent'
155;'holiday_wonder'
155; 'own_sentence'
155; 'gross_context'
155; 'north_special'
155; 'capital_incident'
155; 'alternative_rope'
155; 'whole_international'
155; 'crazy_project'
155; 'patient_somewhere'
155; 'false_double'
155; 'waste_switch'
155; 'calm_action'
156;'which_side'
156; 'tiny_secretary'
156; 'original_slip'
156; 'quick_dog'
156; 'royal_maybe'
156; 'dirty_gene'
156; 'training_quantity'
156; 'lower_return'
156; 'prior_officer'
156; 'relative_membership'
156; 'human_heavy'
156; 'hour_appointment'
156; 'amazing_disk'
156; 'kitchen_cap'
156; 'realistic_bicycle'
156; 'valuable_laugh'
156; 'environmental_sun'
157;'west_treat'
157; 'level_pack'
157; 'heavy_amount'
157; 'difficult_ride'
157; 'mental_ring'
157; 'express_respond'
157; 'unhappy_swim'
158;'sick_benefit'
158; 'curious_swimming'
158; 'few_possession'
158; 'home_engineering'
158; 'last_stranger'
158; 'sad_bank'
158; 'able_park'
158; 'accurate_team'
158; 'dirty_chain'
158; 'asleep_bite'
158; 'which_teacher'
158; 'emergency_housing'
158; 'kind_candy'
158; 'good_inside'
158; 'after_bat'
158; 'practical_training'
158; 'terrible_boot'
158; 'financial_loss'
158; 'official_shoe'
159;'obvious_exchange'
159; 'environmental_matter'
159; 'solid_iron'
159; 'adult_wonder'
159; 'formal_many'
159; 'mean_finding'
159; 'native_worry'
159; 'dead_obligation'
159; 'sharp_buy'
159; 'sweet_floor'
159; 'minor_weakness'
160;'equivalent_fail'
160; 'proof_area'
160; 'broad_breath'
160; 'firm_door'
160; 'dependent_way'
160; 'big_policy'
160; 'short_strip'
160; 'just_play'
160; 'entire_contract'
160; 'lonely_loan'
160; 'known_passenger'
160; 'independent_kid'
160; 'anxious_telephone'
160; 'wrong_patience'
160; 'administrative_league'
160; 'what_heat'
160; 'opposite_administration'
160; 'resident_group'
160; 'status_job'
160; 'pure_role'
160; 'maximum_skill'
161;'spiritual_abuse'
161; 'heavy_singer'
161; 'silly_house'
161; 'fine_goal'
161; 'famous_indication'
161; 'illegal_key'
161; 'efficient_visual'
161; 'female_lesson'
161; 'brilliant_move'
161; 'slight_village'
161; 'emotional_reward'
161; 'general_young'
161; 'potential_female'
161; 'old_lab'
161; 'neither_function'
161; 'prize_sector'
161; 'left_reaction'
161; 'reasonable_somewhere'
161; 'frequent_revenue'
161; 'real_wealth'
161; 'public_basis'
161; 'additional_major'
161; 'visible_driver'
161; 'former_brave'
161; 'traditional_life'
161; 'day_grass'
161; 'broad_storage'
161; 'pure_might'
161; 'apart_reflection'
162;'minute_anxiety'
162; 'important_drawer'
162; 'comprehensive_work'
162; 'illegal_pound'
162; 'male_western'
162; 'joint_campaign'
162; 'medical_claim'
162; 'minute_quarter'
162; 'strange_bank'
162; 'active_science'
162; 'illegal_struggle'
162; 'forward_magazine'
162; 'relevant_establishment'
162; 'either_machine'
162; 'alive_tongue'
162; 'red_insurance'
162; 'typical_dear'
162; 'funny_file'
162; 'angry_clue'
163;'either_towel'
163; 'foreign_milk'
163; 'accurate_lack'
163; 'mother_presence'
163; 'level_joint'
163; 'his_pizza'
163; 'afraid_money'
163; 'trick_water'
163; 'fine_replacement'
163; 'ago_deep'
163; 'busy_club'
163; 'classic_area'
163; 'asleep_west'
163; 'odd_tank'
163; 'master_hope'
163; 'nasty_till'
163; 'salt_suggestion'
163; 'mean_frame'
163; 'subject_hope'
164;'tight_sugar'
164; 'street_master'
164; 'think_belt'
164; 'alternative_stage'
164; 'silly_payment'
165;'latter_penalty'
165; 'own_estate'
165; 'similar_person'
165; 'old_marketing'
166;'afraid_money'
166; 'pregnant_sail'
166; 'white_panic'
166; 'pregnant_industry'
166; 'necessary_career'
166; 'accurate_winner'
166; 'potential_twist'
167;'clear_department'
167; 'raw_housing'
167; 'east_visual'
167; 'legal_revolution'
167; 'young_contribution'
167; 'dear_gas'
167; 'loose_switch'
167; 'confident_disaster'
167; 'solid_kind'
167; 'basic_buy'
168;'any_mission'
168; 'various_draw'
168; 'medical_library'
168; 'positive_glove'
168; 'empty_growth'
168; 'electrical_bet'
168; 'past_preference'
168; 'dramatic_text'
168; 'leading_article'
168; 'weird_silly'
168; 'necessary_jump'
168; 'amazing_bat'
168; 'fast_age'
168; 'dark_rush'
169;'alive_turn'
169; 'silly_fail'
169; 'lucky_hurt'
169; 'competitive_painting'
169; 'opening_midnight'
169; 'funny_laugh'
169; 'house_sport'
170;'actual_door'
170; 'cultural_stranger'
170; 'regular_judge'
170; 'similar_character'
170; 'obvious_international'
170; 'rough_district'
170; 'brown_machine'
170; 'human_clock'
170; 'guilty_power'
170; 'national_dimension'
170; 'clean_pleasure'
170; 'hot_excuse'
170; 'formal_plane'
170; 'active_job'
170; 'business_resolution'
170; 'quiet_context'
170; 'last_writing'
170; 'complete_kill'
170; 'express_finding'
170; 'empty_growth'
170; 'leading_public'
171;'useful_internal'
171; 'vast_west'
171; 'additional_month'
171; 'straight_emotion'
171; 'minimum_natural'
171; 'opposite_stress'
171; 'cold_internet'
171; 'top_night'
171; 'negative_grocery'
171; 'visible_hide'
171; 'west_father'
171; 'silver_incident'
171; 'select_neat'
171; 'little_experience'
171; 'loose_analysis'
171; 'upset_appointment'
171; 'same_life'
172;'right_grab'
172; 'current_mess'
172; 'illegal_guidance'
172; 'high_display'
172; 'overall_insect'
172; 'weak_thanks'
172; 'massive_tooth'
172; 'upstairs_farm'
172; 'distinct_following'
172; 'background_capital'
172; 'airline_change'
172; 'empty_cancer'
172; 'pure_pull'
173;'which_failure'
173; 'royal_table'
173; 'old_toe'
173; 'successful_fill'
173; 'kind_officer'
173; 'sorry_awareness'
173; 'obvious_bicycle'
173; 'funny_information'
173; 'glad_life'
173; 'key_trade'
173; 'dangerous_dream'
173; 'plastic_candy'
173; 'grand_honey'
173; 'far_read'
173; 'future_anything'
173; 'relevant_funny'
173; 'his_wear'
174;'weekly_account'
174; 'final_return'
174; 'opening_midnight'
174; 'daughter_east'
174; 'used_organization'
174; 'unfair_boot'
174; 'feeling_benefit'
174; 'eastern_poem'
175;'available_minor'
175; 'dangerous_shop'
175; 'spiritual_dish'
175; 'better_substance'
175; 'bright_historian'
175; 'gross_driver'
175; 'pleasant_serve'
175; 'remote_presence'
175; 'upset_produce'
175; 'real_catch'
175; 'time_complex'
175; 'capital_star'
175; 'political_condition'
175; 'grand_husband'
175; 'equal_east'
175; 'classic_sentence'
175; 'efficient_hang'
175; 'strong_funeral'
176;'interesting_teacher'
176; 'green_rip'
176; 'close_company'
176; 'grand_cancel'
176; 'loud_wine'
176; 'private_farm'
176; 'this_tongue'
176; 'winter_tackle'
176; 'angry_she'
176; 'aware_usual'
176; 'individual_glad'
176; 'after_you'
176; 'beautiful_split'
177;'positive_effect'
177; 'human_a'
177; 'remarkable_look'
177; 'brilliant_flow'
177; 'relative_month'
177; 'conscious_flight'
177; 'super_following'
177; 'safe_finger'
177; 'administrative_conference'
178;'sorry_disk'
178; 'business_resolution'
178; 'historical_scale'
178; 'animal_copy'
178; 'that_hell'
178; 'sufficient_cap'
178; 'scared_friendship'
178; 'north_association'
178; 'sea_scale'
178; 'content_blow'
178; 'game_miss'
178; 'sweet_talk'
178; 'political_story'
178; 'typical_treat'
178; 'basic_equal'
179;'guilty_concept'
179; 'horror_wealth'
179; 'common_start'
179; 'yellow_brief'
180;'pretty_depression'
180; 'correct_meaning'
180; 'beginning_wood'
180; 'car_tea'
180; 'less_fall'
180; 'human_sell'
180; 'impressive_tower'
180; 'close_secret'
180; 'salt_vehicle'
180; 'realistic_divide'
180; 'relative_crash'
180; 'negative_long'
180; 'swimming_save'
180; 'able_joint'
180; 'mother_tea'
180; 'classic_player'
181;
182;'secure_due'
182; 'dress_selection'
182; 'daughter_resolve'
182; 'fit_news'
182; 'perfect_gas'
182; 'conscious_spring'
182; 'chemical_return'
182; 'bright_bend'
182; 'party_mix'
182; 'which_independence'
182; 'exact_dump'
182; 'salt_reason'
182; 'apart_advantage'
182; 'mobile_surround'
182; 'some_if'
182; 'frequent_game'
182; 'joint_campaign'
182; 'dramatic_issue'
182; 'vegetable_yard'
182; 'level_call'
182; 'brave_wear'
182; 'healthy_brown'
182; 'afternoon_ideal'
182; 'winter_rent'
182; 'maximum_match'
183;'healthy_mud'
183; 'local_conversation'
183; 'such_fuel'
183; 'usual_application'
183; 'south_shame'
183; 'economy_valuable'
183; 'sad_discipline'
183; 'nasty_stop'
183; 'fine_career'
183; 'neat_plastic'
183; 'glass_camera'
183; 'tiny_jump'
183; 'pretty_guide'
183; 'tall_traffic'
183; 'grand_husband'
183; 'that_year'
183; 'medium_slide'
184;'sorry_disk'
184; 'active_expert'
184; 'proud_highlight'
184; 'private_particular'
184; 'free_nobody'
184; 'green_inevitable'
184; 'downtown_child'
184; 'sorry_strength'
184; 'leather_coast'
184; 'sorry_exchange'
184; 'waste_press'
184; 'born_impression'
184; 'mental_brilliant'
184; 'fine_key'
184; 'material_familiar'
184; 'some_yellow'
184; 'upstairs_depth'
184; 'loud_departure'
184; 'game_sell'
184; 'slow_event'
184; 'alternative_whole'
185;'difficult_blue'
185; 'poor_girl'
185; 'independent_author'
185; 'budget_definition'
185; 'existing_debt'
185; 'due_cup'
185; 'glass_border'
185; 'daughter_lie'
185; 'another_season'
185; 'famous_indication'
185; 'big_birth'
185; 'mental_blow'
185; 'express_bear'
185; 'both_score'
186;'raw_birth'
186; 'poor_association'
186; 'comprehensive_other'
186; 'legal_wall'
186; 'possible_path'
186; 'personal_star'
186; 'express_distance'
186; 'level_smoke'
186; 'corner_young'
186; 'representative_wheel'
186; 'physical_product'
186; 'used_computer'
186; 'enough_switch'
186; 'other_cheek'
186; 'careful_talk'
186; 'select_stage'
186; 'south_human'
187;'eastern_stage'
187; 'otherwise_lock'
187; 'interesting_interaction'
187; 'money_train'
187; 'sweet_calendar'
187; 'unusual_pleasure'
187; 'tough_sick'
187; 'born_cheek'
187; 'mountain_cap'
187; 'key_mate'
187; 'happy_position'
188;'constant_traffic'
188; 'suspicious_aside'
188; 'fast_topic'
188; 'double_exchange'
188; 'winter_chart'
188; 'this_tongue'
188; 'public_major'
188; 'pleasant_consideration'
188; 'asleep_failure'
188; 'separate_train'
188; 'sufficient_farm'
188; 'away_trade'
188; 'original_tie'
188; 'united_mode'
189;'amazing_politics'
189; 'material_visit'
189; 'outside_background'
189; 'living_menu'
189; 'yellow_mention'
189; 'slight_oil'
189; 'away_respond'
189; 'able_job'
189; 'constant_chemistry'
189; 'patient_court'
189; 'dramatic_message'
190;'basic_physical'
190; 'administrative_employ'
190; 'rare_drink'
190; 'mother_tea'
190; 'emergency_door'
190; 'negative_stop'
190; 'public_presentation'
190; 'minimum_cloud'
190; 'total_vacation'
190; 'just_arm'
191;'pure_advertising'
191; 'specialist_pull'
191; 'sure_economy'
191; 'comprehensive_establishment'
191; 'training_league'
191; 'difficult_representative'
191; 'select_theory'
191; 'connect_girlfriend'
191; 'acceptable_spot'
191; 'each_pass'
191; 'high_earth'
191; 'civil_champion'
191; 'mean_bear'
191; 'chicken_responsibility'
191; 'nice_rate'
191; 'express_bedroom'
191; 'far_weakness'
191; 'illegal_engineering'
191; 'upstairs_swing'
191; 'salt_suggestion'
191; 'agent_big'
191; 'status_recognition'
191; 'period_bike'
191; 'sharp_feed'
191; 'sure_resident'
191; 'latter_slide'
191; 'formal_boss'
191; 'numerous_radio'
191; 'important_rock'
191; 'wrong_reception'
192;'perfect_fall'
192; 'numerous_slip'
192; 'purple_wash'
192; 'immediate_currency'
192; 'few_highway'
192; 'dress_novel'
192; 'budget_deep'
192; 'perfect_boot'
192; 'warm_shelter'
192; 'positive_scratch'
192; 'separate_pack'
192; 'fine_worth'
192; 'both_sir'
192; 'human_heavy'
192; 'minute_row'
192; 'helpful_mirror'
192; 'curious_ratio'
192; 'money_computer'
192; 'special_serve'
192; 'according_afternoon'
192; 'good_wedding'
192; 'subject_hope'
192; 'formal_analyst'
192; 'immediate_regret'
192; 'most_departure'
192; 'scared_ease'
192; 'chance_refuse'
192; 'helpful_reading'
192; 'relevant_surround'
193;'boring_international'
193; 'late_paper'
193; 'medium_invite'
193; 'emergency_call'
193; 'fast_dimension'
193; 'curious_solution'
193; 'just_round'
193; 'medium_hit'
193; 'wise_lay'
193; 'better_substance'
193; 'formal_kitchen'
193; 'huge_tour'
193; 'past_charge'
194;'perfect_depth'
194; 'background_sell'
194; 'brief_discussion'
194; 'chicken_paper'
194; 'thick_profession'
194; 'extra_complaint'
194; 'holiday_neat'
194; 'frequent_regular'
194; 'outside_mirror'
194; 'plastic_bus'
194; 'away_inside'
194; 'dry_miss'
194; 'every_afternoon'
194; 'regular_big'
195;'crazy_drop'
195; 'tight_psychology'
195; 'home_league'
195; 'chance_concentrate'
195; 'sick_mention'
195; 'suspicious_site'
195; 'silver_craft'
195; 'dear_pressure'
196;'sorry_secret'
196; 'massive_emergency'
196; 'key_mate'
196; 'excellent_salad'
196; 'extension_tension'
196; 'distinct_criticism'
196; 'natural_association'
196; 'native_cat'
196; 'curious_hunt'
196; 'physical_designer'
196; 'general_if'
196; 'intelligent_respond'
196; 'pretty_weekend'
196; 'sexual_resident'
196; 'public_combine'
196; 'typical_relationship'
196; 'funny_buyer'
196; 'visual_love'
196; 'forward_rich'
196; 'key_network'
196; 'even_dish'
196; 'game_teacher'
196; 'political_growth'
196; 'worth_safe'
196; 'either_local'
196; 'motor_till'
196; 'downtown_course'
196; 'weird_sort'
197;'loose_official'
198;'complex_media'
198; 'chance_rich'
198; 'perfect_nature'
198; 'useful_session'
198; 'former_bank'
198; 'round_meeting'
199;'informal_disease'
199; 'due_cup'
199; 'upset_reach'
200;'master_block'
200; 'interesting_employment'
200; 'spiritual_inside'
200; 'material_internal'
200; 'total_fall'
200; 'opening_kick'
200; 'another_pattern'
200; 'life_hang'
200; 'afraid_push'
200; 'equivalent_carpet'
200; 'initial_wrap'
201;'stock_somewhere'
201; 'calm_dead'
201; 'efficient_tune'
201; 'honest_word'
201; 'over_environment'
201; 'sorry_storage'
201; 'important_blame'
201; 'last_official'
201; 'that_kid'
201; 'sure_bottle'
201; 'own_touch'
201; 'environmental_employee'
201; 'unfair_contact'
201; 'live_expert'
201; 'able_character'
201; 'feeling_main'
201; 'actual_schedule'
201; 'proof_marketing'
201; 'grand_impact'
201; 'accurate_young'
201; 'competitive_painting'
201; 'formal_analyst'
201; 'interesting_teacher'
201; 'open_sweet'
201; 'resident_statement'
201; 'representative_half'
201; 'relevant_worry'
201; 'least_tell'
202;'relative_product'
202; 'every_client'
202; 'middle_valuable'
202; 'effective_section'
202; 'distinct_interaction'
202; 'fine_career'
202; 'key_routine'
202; 'direct_potential'
202; 'constant_chemistry'
202; 'low_bug'
